"name","type","n","missing","unique","mean","median","mode","mode_value","sd","v","min","max","range","skew","skew_2se","kurt","kurt_2se","category","description"
"alpha","numeric",19,0,19,0.725882635797241,0.80831068096506,0.80831068096506,NA,0.184408104721298,NA,0.199459256479055,0.948926425739165,0.74946716926011,-1.12859640146565,-1.07738465639095,0.918890122820924,0.452981092101083,NA,NA
"omega","numeric",16,0.157894736842105,17,0.730076053338232,0.782687561329727,0.782687561329727,NA,0.191398869280423,NA,0.199364571473762,0.9500656452435,0.750701073769738,-1.20024561832161,-1.06346736349371,1.03865759274615,0.476110407653793,NA,NA
"ASE","numeric",18,0.0526315789473684,19,0.0671686904512011,0.0610269515886673,0.0610269515886673,NA,0.0331741199516149,NA,0.0132749742708538,0.140841025278851,0.127566051007997,0.505043508520804,0.470878540265046,-0.663821998260599,-0.319823252860017,NA,NA
"tau","numeric",19,0,12,0.0261737650516097,0.0165003595214473,0.0165003595214473,NA,0.0324867368148838,NA,0,0.10753397461391,0.10753397461391,1.02593122029285,0.979378060944138,-0.0666636792553326,-0.0328628913105009,NA,NA
"QEp","numeric",19,0,19,0.531288295865329,0.552473292473358,0.552473292473358,NA,0.403779119317767,NA,1.93357244289412e-22,0.999999999896781,0.999999999896781,-0.117039991044808,-0.111729126880127,-1.73492055339549,-0.855255908696778,NA,NA
"pi.lb","numeric",19,0,19,0.672513796883006,0.776258600396184,0.776258600396184,NA,0.245505783923016,NA,-0.013313423569062,0.943960971413494,0.957274394982556,-1.1151442773394,-1.06454294246144,0.650661536653453,0.320753663731446,NA,NA
"pi.ub","numeric",19,0,19,0.808072620240394,0.850363470202865,0.850363470202865,NA,0.12802443994533,NA,0.434258310376892,0.960570370293668,0.526312059916775,-1.24658781794486,-1.1900220363573,1.28614473567068,0.634024931267764,NA,NA
"reporting_index","numeric",19,0,17,41.9473684210526,42,42,NA,20.5141514413033,NA,10,73,63,-0.165405815478119,-0.157900279889721,-1.38488289942159,-0.682699435582423,NA,NA
"replication","logical",19,0,3,NA,NA,13,"FALSE",NA,0.43213296398892,NA,NA,NA,NA,NA,NA,NA,NA,NA
