"name","type","n","missing","unique","mean","median","mode","mode_value","sd","v","min","max","range","skew","skew_2se","kurt","kurt_2se","category","description"
"title","character",9,0,7,NA,NA,3,"The Local Ladder Effect: Social Status and Subjective Well-Being",NA,0.790123456790123,NA,NA,NA,NA,NA,NA,NA,NA,NA
"graph_title","character",9,0,10,NA,NA,1,"Anderson et al. (2012), NA",NA,0.888888888888889,NA,NA,NA,NA,NA,NA,NA,NA,NA
"article_order","numeric",9,0,9,6.77777777777778,8,8,NA,4.11636301174282,NA,1,12,11,-0.155366921880108,-0.10832441081894,-1.82156091054774,-0.650692986743549,NA,NA
"coefficient_reported","numeric",9,0,8,0.805555555555556,0.8,0.8,NA,0.0574697988318889,NA,0.72,0.89,0.17,0.046295670166203,0.0322781138580568,-1.41496474224431,-0.505449819951895,NA,NA
"coefficient_calculated","numeric",9,0,9,0.853725974127762,0.865631501690757,0.865631501690757,NA,0.0600793860911344,NA,0.731476625853169,0.948926425739165,0.217449799885995,-0.468112967885984,-0.326376173443693,-0.346865416734115,-0.123906311727396,NA,NA
"coefficient_difference","numeric",9,0,9,-0.0481704185722061,-0.056246139399928,-0.056246139399928,NA,0.0881657441846483,NA,-0.148926425739165,0.148523374146831,0.297449799885995,1.02072831263041,0.711668814274532,0.0389703128285674,0.0139208681422165,NA,NA
"significance","logical",9,0,3,NA,NA,5,"FALSE",NA,0.493827160493827,NA,NA,NA,NA,NA,NA,NA,NA,NA
