"name","type","n","missing","unique","mean","median","mode","mode_value","sd","v","min","max","range","skew","skew_2se","kurt","kurt_2se","category","description"
"QMP_type","factor",2772,0,7,NA,NA,462,"Def.Ratio",NA,0.833333333333333,NA,NA,NA,NA,NA,NA,NA,NA,NA
"QMP_ratio","numeric",2358,0.149350649350649,39,0.28206729123294,0.203896103896104,0.203896103896104,NA,0.287736786879344,NA,0.00649350649350649,0.993506493506494,0.987012987012988,0.801595779472757,7.9505599460191,-0.281656995063308,-1.39738602391278,NA,NA
"QMP_Rep_type","factor",2772,0,7,NA,NA,462,"Rep.Def.Ratio",NA,0.833333333333333,NA,NA,NA,NA,NA,NA,NA,NA,NA
"QMP_Rep_ratio","numeric",2562,0.0757575757575758,37,0.209442518020621,0.0119047619047619,0.0119047619047619,NA,0.299693802736241,NA,0.00649350649350649,0.993506493506494,0.987012987012988,1.52022492044446,15.7161384178765,1.26556866537392,6.54429247494341,NA,NA
