"name","type","n","missing","unique","mean","median","mode","mode_value","sd","v","min","max","range","skew","skew_2se","kurt","kurt_2se","category","description"
"alpha","numeric",558,0,558,0.761134604707618,0.816826187464685,0.816826187464685,NA,0.167422889202033,NA,0.00351797680912747,0.970310895824446,0.966792919015318,-1.77107186590241,-8.56269740046838,4.18695933562706,10.1393554282924,NA,NA
"omega","numeric",558,0,558,0.772922170644283,0.825243389170254,0.825243389170254,NA,0.160529899079237,NA,0.0026400762501576,0.970381034344994,0.967740958094837,-2.04878129349656,-9.90535426241022,5.7853992666685,14.0102195309592,NA,NA
"g","factor",558,0,16,NA,NA,74,"Anderson et al. (2012), SWL",NA,0.906418211482381,NA,NA,NA,NA,NA,NA,NA,NA,NA
"replication","logical",558,0,3,NA,NA,437,"FALSE",NA,0.339647486543081,NA,NA,NA,NA,NA,NA,NA,NA,NA
"avg.omega","numeric",558,0,15,0.772922170644283,0.834003086655711,0.834003086655711,NA,0.148612435125399,NA,0.199364571473762,0.9500656452435,0.750701073769738,-2.07621314854186,-10.037980542805,5.6950464566701,13.7914165331074,NA,NA
