"name","type","n","missing","unique","mean","median","mode","mode_value","sd","v","min","max","range","skew","skew_2se","kurt","kurt_2se","category","description"
"QMP_type","factor",924,0,7,NA,NA,154,"Definition",NA,0.833333333333333,NA,NA,NA,NA,NA,NA,NA,NA,NA
"QMP_ratio","numeric",820,0.112554112554113,54,0.244249269084574,0.105194805194805,0.105194805194805,NA,0.29637542767428,NA,0.00649350649350649,0.993506493506494,0.987012987012988,1.15555541404306,6.76681692288003,0.363122049527974,1.06448794730592,NA,NA
"RepOrg","factor",924,0,3,NA,NA,462,"Original",NA,0.5,NA,NA,NA,NA,NA,NA,NA,NA,NA
"QMP_ratio_1","numeric",820,0.112554112554113,75,0.764980976401647,1.00649350649351,1.00649350649351,NA,0.549016481443968,NA,0.00649350649350649,1.99350649350649,1.98701298701299,0.163668095276645,0.958423995417567,-0.750757029873948,-2.20083525826884,NA,NA
