"name","type","n","missing","unique","mean","median","mode","mode_value","sd","v","min","max","range","skew","skew_2se","kurt","kurt_2se","category","description"
"alpha","numeric",18,0,18,0.625964597296015,0.723063270719142,0.723063270719142,NA,0.444668996230993,NA,-1.0084740170242,0.948926425739165,1.95740044276336,-2.72843145467573,-2.54385968518595,7.23395211106596,3.48525071669356,NA,NA
"omega","numeric",15,0.166666666666667,16,0.732954844212534,0.739472920594826,0.739472920594826,NA,0.184895127757562,NA,0.199364571473762,0.9500656452435,0.750701073769738,-1.39112888032097,-1.19900230672053,1.89701815006603,0.84620532500627,NA,NA
"replication","logical",18,0,3,NA,NA,12,"FALSE",NA,0.444444444444444,NA,NA,NA,NA,NA,NA,NA,NA,NA
