"RMSEA","RMSEA_se","N_factors","unidimensional","Tau_chisq_diff","Tau_Df_diff","Tau_p_diff","mean_spec","err_chisq_diff","err_Df_diff","err_p_diff"
0,0.0650887142072648,1,"Yes",11.379244960876,5,0.0443581035679927,-0.0381767579014152,13.5109696713693,5,0.0190331479793993
0.0238217336048332,0.0405943320464769,0,"Yes",19.1436362599216,5,0.00180723865503629,0.109601260669639,24.5549399246952,5,0.000169785865739681
0,0.0395642827789197,1,"Yes",20.9602295798044,5,0.00082419449074405,0.0918434801066773,17.1631314187859,5,0.00420058263378823
0,0.0613646082137167,0,"Yes",4.48352261505134,5,0.482091078339662,0.00338267362731192,10.310049301188,5,0.0669119374194565
