"name","type","n","missing","unique","mean","median","mode","mode_value","sd","v","min","max","range","skew","skew_2se","kurt","kurt_2se","category","description"
"g","factor",6344,0,37,NA,NA,1329,"pi      ",NA,0.917836942970411,NA,NA,NA,NA,NA,NA,NA,NA,NA
"iatexplicitart1","integer",6331,0.00204918032786885,8,-2.00679197599115,-2,-2,NA,1.22046192955377,NA,-3,3,6,1.45754049157062,23.6784912481341,2.00152715309462,16.2604814311738,NA,NA
"iatexplicitart2","integer",6315,0.00457124842370744,8,-1.86049089469517,-2,-2,NA,1.19788196555148,NA,-3,3,6,1.11269989739048,18.0535339513251,0.987106297699262,8.00915670190335,NA,NA
"iatexplicitart3","integer",6316,0.00441361916771753,8,-2.23385053831539,-3,-3,NA,1.07484022675447,NA,-3,3,6,1.62441137461419,26.3581283129769,2.71938656487091,22.0662315854962,NA,NA
"iatexplicitart4","integer",6318,0.00409836065573771,8,-2.03276353276353,-2,-2,NA,1.10921835325028,NA,-3,3,6,1.23365821301396,20.0208318356818,1.44188326785084,11.7018902906611,NA,NA
"iatexplicitart5","integer",6316,0.00441361916771753,8,-1.84373020899303,-2,-2,NA,1.32033020392298,NA,-3,3,6,1.35304443203755,21.9548565776788,1.68071048847934,13.63798267817,NA,NA
"iatexplicitart6","integer",6305,0.00614754098360656,8,-1.84583663758922,-2,-2,NA,1.38108099327433,NA,-3,3,6,1.02859201464649,16.67567256488,0.113436014780075,0.919665657084356,NA,NA
